S.No,Name,Type,Source URL,Scraped At
1,Aalayam Foundation Pvt Ltd,Member,https://www.credaicoimbatore.com/about/members-of-credai,2025-09-12T09:01:35.063006
2,Abhinitha Foundation Pvt Ltd,Member,https://www.credaicoimbatore.com/about/members-of-credai,2025-09-12T09:01:35.063096
3,Ananya Shelters Pvt Ltd,Member,https://www.credaicoimbatore.com/about/members-of-credai,2025-09-12T09:01:35.063115
4,Arima Constructions Pvt Ltd,Member,https://www.credaicoimbatore.com/about/members-of-credai,2025-09-12T09:01:35.063144
5,Brookefields Estates Pvt Ltd,Member,https://www.credaicoimbatore.com/about/members-of-credai,2025-09-12T09:01:35.063170
6,Casa Grande Coimbatore Llp,Member,https://www.credaicoimbatore.com/about/members-of-credai,2025-09-12T09:01:35.063182
7,Chathamkulam Projects And Developers Pvt.ltd,Member,https://www.credaicoimbatore.com/about/members-of-credai,2025-09-12T09:01:35.063203
8,Coral Crest Builders,Member,https://www.credaicoimbatore.com/about/members-of-credai,2025-09-12T09:01:35.063217
9,Cordon Bleu Properties & Infrastructure Pvt Ltd,Member,https://www.credaicoimbatore.com/about/members-of-credai,2025-09-12T09:01:35.063228
10,DAC Developers Pvt Ltd,Member,https://www.credaicoimbatore.com/about/members-of-credai,2025-09-12T09:01:35.063243
11,Dhiya Foundation Pvt Ltd,Member,https://www.credaicoimbatore.com/about/members-of-credai,2025-09-12T09:01:35.063255
12,Diamond City Developers (India) Pvt Ltd,Member,https://www.credaicoimbatore.com/about/members-of-credai,2025-09-12T09:01:35.063268
13,Elysium Real Properties Pvt Ltd,Member,https://www.credaicoimbatore.com/about/members-of-credai,2025-09-12T09:01:35.063280
14,Fairyland Foundations Pvt Ltd,Member,https://www.credaicoimbatore.com/about/members-of-credai,2025-09-12T09:01:35.063293
15,Foundation One Infrastructures P Ltd.,Member,https://www.credaicoimbatore.com/about/members-of-credai,2025-09-12T09:01:35.063306
16,Globuse Realtors Pvt Ltd,Member,https://www.credaicoimbatore.com/about/members-of-credai,2025-09-12T09:01:35.063319
17,Gowtham Housing Pvt Ltd,Member,https://www.credaicoimbatore.com/about/members-of-credai,2025-09-12T09:01:35.063329
18,Green Field Housing India Pvt Ltd,Member,https://www.credaicoimbatore.com/about/members-of-credai,2025-09-12T09:01:35.063343
19,India Builders (Chennai) Limited,Member,https://www.credaicoimbatore.com/about/members-of-credai,2025-09-12T09:01:35.063373
20,Infinium Developers Llp,Member,https://www.credaicoimbatore.com/about/members-of-credai,2025-09-12T09:01:35.063393
21,Jagannaath Properties,Member,https://www.credaicoimbatore.com/about/members-of-credai,2025-09-12T09:01:35.063404
22,Jain Housing & Constructions Ltd,Member,https://www.credaicoimbatore.com/about/members-of-credai,2025-09-12T09:01:35.063414
23,KRC Housing & Infrastructure Co,Member,https://www.credaicoimbatore.com/about/members-of-credai,2025-09-12T09:01:35.063425
24,Mayflower Enterprises Pvt Ltd,Member,https://www.credaicoimbatore.com/about/members-of-credai,2025-09-12T09:01:35.063453
25,Merestone Properties Pvt Ltd,Member,https://www.credaicoimbatore.com/about/members-of-credai,2025-09-12T09:01:35.063465
26,Mount Housing & Infrastructure Ltd,Member,https://www.credaicoimbatore.com/about/members-of-credai,2025-09-12T09:01:35.063476
27,Nithya Estate Developers India Pvt Ltd,Member,https://www.credaicoimbatore.com/about/members-of-credai,2025-09-12T09:01:35.063485
28,Patteeswara Developers India Private Limited,Member,https://www.credaicoimbatore.com/about/members-of-credai,2025-09-12T09:01:35.063500
29,PNR Prime Realty Ltd,Member,https://www.credaicoimbatore.com/about/members-of-credai,2025-09-12T09:01:35.063512
30,Promag Foundations & Structures Pvt Ltd,Member,https://www.credaicoimbatore.com/about/members-of-credai,2025-09-12T09:01:35.063538
31,Prozone Palms (Alliance Mall Developers Pvt Ltd),Member,https://www.credaicoimbatore.com/about/members-of-credai,2025-09-12T09:01:35.063549
32,Puravankara Projects Ltd,Member,https://www.credaicoimbatore.com/about/members-of-credai,2025-09-12T09:01:35.063560
33,Purnaya developers pvt ltd,Member,https://www.credaicoimbatore.com/about/members-of-credai,2025-09-12T09:01:35.063570
34,Radiant Real Properties India Pvt Ltd,Member,https://www.credaicoimbatore.com/about/members-of-credai,2025-09-12T09:01:35.063580
35,Rajadurai Constructions Pvt Ltd,Member,https://www.credaicoimbatore.com/about/members-of-credai,2025-09-12T09:01:35.063596
36,Ramani Realtors Pvt Limited,Member,https://www.credaicoimbatore.com/about/members-of-credai,2025-09-12T09:01:35.063607
37,Ravi Murugaa Constructions Pvt Ltd,Member,https://www.credaicoimbatore.com/about/members-of-credai,2025-09-12T09:01:35.063617
38,Renaatus Projects Pvt Ltd,Member,https://www.credaicoimbatore.com/about/members-of-credai,2025-09-12T09:01:35.063627
39,RKS Builders LLP,Member,https://www.credaicoimbatore.com/about/members-of-credai,2025-09-12T09:01:35.063649
40,RMV Builders,Member,https://www.credaicoimbatore.com/about/members-of-credai,2025-09-12T09:01:35.063662
41,RR Housing (India) Pvt Ltd,Member,https://www.credaicoimbatore.com/about/members-of-credai,2025-09-12T09:01:35.063675
42,SAI UVR Properties Private Limited,Member,https://www.credaicoimbatore.com/about/members-of-credai,2025-09-12T09:01:35.063694
43,Sakthi Constructions (India) Pvt Ltd,Member,https://www.credaicoimbatore.com/about/members-of-credai,2025-09-12T09:01:35.063705
44,Samridhi Unique Spaces LLP,Member,https://www.credaicoimbatore.com/about/members-of-credai,2025-09-12T09:01:35.063732
45,Samsurya Constructions Private Ltd,Member,https://www.credaicoimbatore.com/about/members-of-credai,2025-09-12T09:01:35.063743
46,Shriram Properties (Coimbatore) Pvt Ltd,Member,https://www.credaicoimbatore.com/about/members-of-credai,2025-09-12T09:01:35.063764
47,Sobha Ltd,Member,https://www.credaicoimbatore.com/about/members-of-credai,2025-09-12T09:01:35.063773
48,Sree Daksha Propety Developers(India) Pvt Ltd,Member,https://www.credaicoimbatore.com/about/members-of-credai,2025-09-12T09:01:35.063787
49,Sree Dharma Realtors,Member,https://www.credaicoimbatore.com/about/members-of-credai,2025-09-12T09:01:35.063804
50,Sreevatsa Real Estates Pvt Ltd,Member,https://www.credaicoimbatore.com/about/members-of-credai,2025-09-12T09:01:35.063816
51,Sri Raghavendra Constructions,Member,https://www.credaicoimbatore.com/about/members-of-credai,2025-09-12T09:01:35.063838
52,Sri Subiksham Builders,Member,https://www.credaicoimbatore.com/about/members-of-credai,2025-09-12T09:01:35.063848
53,Srivari Infrastructure Pvt Ltd,Member,https://www.credaicoimbatore.com/about/members-of-credai,2025-09-12T09:01:35.063858
54,Srivari Property Developers,Member,https://www.credaicoimbatore.com/about/members-of-credai,2025-09-12T09:01:35.063870
55,Sukra Developers Pvt Ltd,Member,https://www.credaicoimbatore.com/about/members-of-credai,2025-09-12T09:01:35.063880
56,TNCD Llp,Member,https://www.credaicoimbatore.com/about/members-of-credai,2025-09-12T09:01:35.063890
57,Trisquare Properties Private Ltd,Member,https://www.credaicoimbatore.com/about/members-of-credai,2025-09-12T09:01:35.063900
58,Triumph Realtors India Pvt Ltd,Member,https://www.credaicoimbatore.com/about/members-of-credai,2025-09-12T09:01:35.063909
59,Vakaman Developers India Pvt Ltd,Member,https://www.credaicoimbatore.com/about/members-of-credai,2025-09-12T09:01:35.063930
60,Vascon Engineering Ltd,Member,https://www.credaicoimbatore.com/about/members-of-credai,2025-09-12T09:01:35.063940
61,Vrindhavana Properties Pvt Ltd,Member,https://www.credaicoimbatore.com/about/members-of-credai,2025-09-12T09:01:35.063955
62,VSK Housing India,Member,https://www.credaicoimbatore.com/about/members-of-credai,2025-09-12T09:01:35.063965
63,Aalayam Foundation Pvt Ltd,Member,https://www.credaicoimbatore.com/about/members-of-credai,2025-09-12T09:01:35.067508
64,Abhinitha Foundation Pvt Ltd,Member,https://www.credaicoimbatore.com/about/members-of-credai,2025-09-12T09:01:35.067534
65,Ananya Shelters Pvt Ltd,Member,https://www.credaicoimbatore.com/about/members-of-credai,2025-09-12T09:01:35.067548
66,Arima Constructions Pvt Ltd,Member,https://www.credaicoimbatore.com/about/members-of-credai,2025-09-12T09:01:35.067564
67,Brookefields Estates Pvt Ltd,Member,https://www.credaicoimbatore.com/about/members-of-credai,2025-09-12T09:01:35.067586
68,Chathamkulam Projects And Developers Pvt.ltd,Member,https://www.credaicoimbatore.com/about/members-of-credai,2025-09-12T09:01:35.067618
69,Cordon Bleu Properties & Infrastructure Pvt Ltd,Member,https://www.credaicoimbatore.com/about/members-of-credai,2025-09-12T09:01:35.067638
70,DAC Developers Pvt Ltd,Member,https://www.credaicoimbatore.com/about/members-of-credai,2025-09-12T09:01:35.067650
71,Dhiya Foundation Pvt Ltd,Member,https://www.credaicoimbatore.com/about/members-of-credai,2025-09-12T09:01:35.067662
72,Diamond City Developers (India) Pvt Ltd,Member,https://www.credaicoimbatore.com/about/members-of-credai,2025-09-12T09:01:35.067685
73,Elysium Real Properties Pvt Ltd,Member,https://www.credaicoimbatore.com/about/members-of-credai,2025-09-12T09:01:35.067696
74,Fairyland Foundations Pvt Ltd,Member,https://www.credaicoimbatore.com/about/members-of-credai,2025-09-12T09:01:35.067721
75,Globuse Realtors Pvt Ltd,Member,https://www.credaicoimbatore.com/about/members-of-credai,2025-09-12T09:01:35.067752
76,Gowtham Housing Pvt Ltd,Member,https://www.credaicoimbatore.com/about/members-of-credai,2025-09-12T09:01:35.067764
77,Green Field Housing India Pvt Ltd,Member,https://www.credaicoimbatore.com/about/members-of-credai,2025-09-12T09:01:35.067776
78,Mayflower Enterprises Pvt Ltd,Member,https://www.credaicoimbatore.com/about/members-of-credai,2025-09-12T09:01:35.067849
79,Merestone Properties Pvt Ltd,Member,https://www.credaicoimbatore.com/about/members-of-credai,2025-09-12T09:01:35.067862
80,Nithya Estate Developers India Pvt Ltd,Member,https://www.credaicoimbatore.com/about/members-of-credai,2025-09-12T09:01:35.067881
81,Promag Foundations & Structures Pvt Ltd,Member,https://www.credaicoimbatore.com/about/members-of-credai,2025-09-12T09:01:35.067921
82,Prozone Palms (Alliance Mall Developers Pvt Ltd),Member,https://www.credaicoimbatore.com/about/members-of-credai,2025-09-12T09:01:35.067933
83,Purnaya developers pvt ltd,Member,https://www.credaicoimbatore.com/about/members-of-credai,2025-09-12T09:01:35.067952
84,Radiant Real Properties India Pvt Ltd,Member,https://www.credaicoimbatore.com/about/members-of-credai,2025-09-12T09:01:35.067965
85,Rajadurai Constructions Pvt Ltd,Member,https://www.credaicoimbatore.com/about/members-of-credai,2025-09-12T09:01:35.067977
86,Ramani Realtors Pvt Limited,Member,https://www.credaicoimbatore.com/about/members-of-credai,2025-09-12T09:01:35.067990
87,Ravi Murugaa Constructions Pvt Ltd,Member,https://www.credaicoimbatore.com/about/members-of-credai,2025-09-12T09:01:35.068002
88,Renaatus Projects Pvt Ltd,Member,https://www.credaicoimbatore.com/about/members-of-credai,2025-09-12T09:01:35.068022
89,RR Housing (India) Pvt Ltd,Member,https://www.credaicoimbatore.com/about/members-of-credai,2025-09-12T09:01:35.068061
90,Sakthi Constructions (India) Pvt Ltd,Member,https://www.credaicoimbatore.com/about/members-of-credai,2025-09-12T09:01:35.068087
91,Shriram Properties (Coimbatore) Pvt Ltd,Member,https://www.credaicoimbatore.com/about/members-of-credai,2025-09-12T09:01:35.068133
92,Sree Daksha Propety Developers(India) Pvt Ltd,Member,https://www.credaicoimbatore.com/about/members-of-credai,2025-09-12T09:01:35.068154
93,Sreevatsa Real Estates Pvt Ltd,Member,https://www.credaicoimbatore.com/about/members-of-credai,2025-09-12T09:01:35.068173
94,Srivari Infrastructure Pvt Ltd,Member,https://www.credaicoimbatore.com/about/members-of-credai,2025-09-12T09:01:35.068205
95,Sukra Developers Pvt Ltd,Member,https://www.credaicoimbatore.com/about/members-of-credai,2025-09-12T09:01:35.068225
96,Triumph Realtors India Pvt Ltd,Member,https://www.credaicoimbatore.com/about/members-of-credai,2025-09-12T09:01:35.068252
97,Vakaman Developers India Pvt Ltd,Member,https://www.credaicoimbatore.com/about/members-of-credai,2025-09-12T09:01:35.068280
98,Vrindhavana Properties Pvt Ltd,Member,https://www.credaicoimbatore.com/about/members-of-credai,2025-09-12T09:01:35.068305
